/*
SQLyog Ultimate v12.08 (64 bit)
MySQL - 8.0.26 : Database - Order
*********************************************************************
*/

/*!40101 SET NAMES utf8 */;

/*!40101 SET SQL_MODE=''*/;

/*!40014 SET @OLD_UNIQUE_CHECKS=@@UNIQUE_CHECKS, UNIQUE_CHECKS=0 */;
/*!40014 SET @OLD_FOREIGN_KEY_CHECKS=@@FOREIGN_KEY_CHECKS, FOREIGN_KEY_CHECKS=0 */;
/*!40101 SET @OLD_SQL_MODE=@@SQL_MODE, SQL_MODE='NO_AUTO_VALUE_ON_ZERO' */;
/*!40111 SET @OLD_SQL_NOTES=@@SQL_NOTES, SQL_NOTES=0 */;
CREATE DATABASE /*!32312 IF NOT EXISTS*/`Order` /*!40100 DEFAULT CHARACTER SET utf8mb4 COLLATE utf8mb4_general_ci */ /*!80016 DEFAULT ENCRYPTION='N' */;

USE `Order`;

/*Table structure for table `厨房` */

DROP TABLE IF EXISTS `厨房`;

CREATE TABLE `厨房` (
  `桌号` char(5) DEFAULT NULL,
  `序号` char(10) DEFAULT NULL,
  `菜名` char(100) CHARACTER SET utf8mb4 COLLATE utf8mb4_general_ci DEFAULT NULL,
  `价格` char(10) DEFAULT NULL,
  `数量` char(10) CHARACTER SET utf8mb4 COLLATE utf8mb4_general_ci DEFAULT NULL,
  `备注` char(200) DEFAULT NULL
) ENGINE=InnoDB DEFAULT CHARSET=utf8mb4 COLLATE=utf8mb4_general_ci;

/*Data for the table `厨房` */

insert  into `厨房`(`桌号`,`序号`,`菜名`,`价格`,`数量`,`备注`) values ('1','10006','豆腐丝','12','1','l'),('1','10009','红烧肉丸子','26','1','l'),('3','10006','豆腐丝','12','1','m'),('3','10007','藕片','10','1','m'),('3','10025','铁板培根','28','1','g'),('3','10026','铁板肥肠','38','2','g'),('3','10061','贴面馒头','10','3','g'),('3','10045','川味回锅肉','20','1','g'),('0','10009','红烧肉丸子','26','1','a'),('0','10023','农家笋干烧肉','35','1','a'),('0','10045','川味回锅肉','20','1','a'),('0','10052','青菜榨菜肉丝汤','12','2','x'),('0','20006','加多宝','4','3','d'),('0','20009','大可乐','15','1','b');

/*Table structure for table `用户` */

DROP TABLE IF EXISTS `用户`;

CREATE TABLE `用户` (
  `用户名` char(50) DEFAULT NULL,
  `密码` char(20) DEFAULT NULL,
  `权限` char(50) DEFAULT NULL
) ENGINE=InnoDB DEFAULT CHARSET=utf8mb4 COLLATE=utf8mb4_general_ci;

/*Data for the table `用户` */

insert  into `用户`(`用户名`,`密码`,`权限`) values ('Mr.Cheng','******','老板'),('Mr.King','123456','管理员'),('xiaocheng','123456','收银员'),('张三','123456','收银员'),('药水','123456','收银员'),('kunkun','123456','收银员'),('giao','123456','收银员');

/*Table structure for table `菜单` */

DROP TABLE IF EXISTS `菜单`;

CREATE TABLE `菜单` (
  `序号` char(10) DEFAULT NULL,
  `菜名` char(100) DEFAULT NULL,
  `价格` char(10) DEFAULT NULL,
  `状态` char(20) CHARACTER SET utf8mb4 COLLATE utf8mb4_general_ci DEFAULT NULL
) ENGINE=InnoDB DEFAULT CHARSET=utf8mb4 COLLATE=utf8mb4_general_ci;

/*Data for the table `菜单` */

insert  into `菜单`(`序号`,`菜名`,`价格`,`状态`) values ('10001','卤肉','25','有'),('10002','皮蛋','12','有'),('10003','花生米','12','无'),('10004','鸡肉松花腿','15','有'),('10005','松花蛋','12','有'),('10006','豆腐丝','12','有'),('10007','藕片','10','有'),('10008','红烧鱼','28','有'),('10009','红烧肉丸子','26','有'),('10010','扣碗肉','25','有'),('10011','千叶豆腐','18','有'),('10012','烧鸡','30','有'),('10013','招牌红烧肉','30','有'),('10014','农家小杂鱼','35','有'),('10015','地锅鸡','45','有'),('10016','地锅杂鱼','40','有'),('10017','木桶牛肉','58','有'),('10018','特色杂烩','25','有'),('10019','椒盐排条','35','有'),('10020','香菠咕老肉','30','有'),('10021','牛肉火锅','60','有'),('10022','羊肉火锅','60','有'),('10023','农家笋干烧肉','35','有'),('10024','金牌德蹄','58','有'),('10025','铁板培根','28','有'),('10026','铁板肥肠','38','有'),('10027','地锅排骨','50','有'),('10028','软兜长鱼','60','有'),('10029','红烧鳝段','68','有'),('10030','红烧带鱼','30','有'),('10031','咸水虾','48','有'),('10032','椒盐基尾虾','40','有'),('10033','干锅对虾','38','有'),('10034','干锅包菜','18','有'),('10035','干锅有机花菜','22','有'),('10036','干锅土豆片','18','有'),('10037','干锅肥肠','35','有'),('10038','酸菜鱼','35','有'),('10039','毛血旺','40','有'),('10040','川江鱼','40','有'),('10041','酸汤肥牛','38','有'),('10042','重庆烤鱼','50','有'),('10043','麻婆豆腐','12','有'),('10044','川味水煮肉片','35','有'),('10045','川味回锅肉','20','有'),('10046','川味牛百叶','38','有'),('10047','剁椒鱼头','58','有'),('10048','清蒸鲈鱼','58','有'),('10049','紫菜蛋汤','8','有'),('10050','青菜豆腐汤','8','有'),('10051','西红柿蛋汤','8','有'),('10052','青菜榨菜肉丝汤','12','有'),('10053','酒酿元宵','16','有'),('10054','鲫鱼豆腐汤','18','有'),('10055','阳春面','10','有'),('10056','上汤混沌','20','有'),('10057','春卷','15','有'),('10058','特色菜泡饭','10','有'),('10059','手工水饺（大份）','20','有'),('10060','米饭','1','有'),('10061','贴面馒头','10','有'),('10062','黄山臭鳜鱼','88','有');

/*Table structure for table `账单` */

DROP TABLE IF EXISTS `账单`;

CREATE TABLE `账单` (
  `交易号` char(10) DEFAULT NULL,
  `时间` char(100) CHARACTER SET utf8mb4 COLLATE utf8mb4_general_ci DEFAULT NULL,
  `桌号` char(5) DEFAULT NULL,
  `消费额` char(10) DEFAULT NULL,
  `收银人` char(100) CHARACTER SET utf8mb4 COLLATE utf8mb4_general_ci DEFAULT NULL
) ENGINE=InnoDB DEFAULT CHARSET=utf8mb4 COLLATE=utf8mb4_general_ci;

/*Data for the table `账单` */

insert  into `账单`(`交易号`,`时间`,`桌号`,`消费额`,`收银人`) values ('100001','2024-05-25 12:23:56 周六','6','680','xiaocheng'),('100002','2024-05-25 12:42:50 周六','8','1000','xiaocheng'),('100003','2024-05-25 13:46:45 周六','7','452','giao'),('100004','2024-05-25 14:43:19 周六','4','1125','giao'),('100005','2024-05-25 14:52:39 周六','5','750','giao'),('100006','2024-05-25 15:15:49 周六','2','680','giao'),('100007','2024-05-25 15:22:15 周六','3','790','giao'),('100008','2024-05-25 15:37:29 周六','8','469','kunkun'),('100009','2024-05-25 16:06:24 周六','6','630','kunkun'),('100010','2024-05-25 17:12:31 周六','5','875','kunkun'),('100011','2024-05-25 23:42:19 周日','3','176','药水'),('100012','2024-05-26 09:35:10 周一','5','600','药水'),('100013','2024-05-26 21:46:19 周一','6','884','药水');

/*Table structure for table `账单详情` */

DROP TABLE IF EXISTS `账单详情`;

CREATE TABLE `账单详情` (
  `交易号` char(10) DEFAULT NULL,
  `桌号` char(5) DEFAULT NULL,
  `序号` char(10) DEFAULT NULL,
  `菜名` char(100) DEFAULT NULL,
  `价格` char(10) CHARACTER SET utf8mb4 COLLATE utf8mb4_general_ci DEFAULT NULL,
  `数量` char(5) DEFAULT NULL,
  `备注` char(200) DEFAULT NULL,
  `收银人` char(100) DEFAULT NULL
) ENGINE=InnoDB DEFAULT CHARSET=utf8mb4 COLLATE=utf8mb4_general_ci;

/*Data for the table `账单详情` */

insert  into `账单详情`(`交易号`,`桌号`,`序号`,`菜名`,`价格`,`数量`,`备注`,`收银人`) values ('100011','3','10006','豆腐丝','12','1','m','kunkun'),('100011','3','10007','藕片','10','1','m','kunkun'),('100011','3','10025','铁板培根','28','1','g','kunkun'),('100011','3','10026','铁板肥肠','38','2','g','kunkun'),('100011','3','10061','贴面馒头','10','3','g','kunkun'),('100011','3','10045','川味回锅肉','20','1','g','kunkun'),('100012','5','10006','豆腐丝','12','1','a','giao'),('100012','5','10009','红烧肉丸子','26','1','a','giao'),('100012','5','10015','地锅鸡','45','1','a','giao'),('100012','5','10018','特色杂烩','25','1','a','giao'),('100012','5','10013','招牌红烧肉','30','1','a','giao'),('100012','5','10023','农家笋干烧肉','35','1','a','giao'),('100012','5','10026','铁板肥肠','38','1','a','giao'),('100012','5','10029','红烧鳝段','68','1','a','giao'),('100012','5','10039','毛血旺','40','1','a','giao'),('100012','5','10035','干锅有机花菜','22','1','a','giao'),('100012','5','10045','川味回锅肉','20','1','a','giao'),('100012','5','10046','川味牛百叶','38','1','a','giao'),('100012','5','10043','麻婆豆腐','12','2','x','giao'),('100012','5','10041','酸汤肥牛','38','2','x','giao'),('100013','6','10006','豆腐丝','12','1','l','giao'),('100013','6','10036','干锅土豆片','18','1','l','giao'),('100013','6','10039','毛血旺','40','1','l','giao'),('100013','6','10045','川味回锅肉','20','1','l','giao'),('100013','6','10048','清蒸鲈鱼','58','1','l','giao'),('100013','6','10049','紫菜蛋汤','8','1','l','giao'),('100013','6','10025','铁板培根','28','1','h','giao'),('100013','6','10026','铁板肥肠','38','1','h','giao'),('100013','6','10028','软兜长鱼','60','1','h','giao'),('100013','6','10029','红烧鳝段','68','1','h','giao'),('100013','6','10045','川味回锅肉','20','1','h','giao'),('100013','6','10046','川味牛百叶','38','1','h','giao'),('100013','6','10050','青菜豆腐汤','8','1','h','giao'),('100013','6','10056','上汤混沌','20','1','h','giao'),('100013','6','10061','贴面馒头','10','6','h','giao'),('100013','6','10009','红烧肉丸子','26','6','h','giao'),('100013','6','10005','松花蛋','12','6','g','giao'),('100013','6','20005','雪花勇闯','5','6','g','giao'),('100013','6','20009','大可乐','15','6','g','giao'),('100013','6','20010','小可乐','5','2','g','giao'),('100013','6','20011','椰汁','15','2','g','giao');

/*Table structure for table `餐桌` */

DROP TABLE IF EXISTS `餐桌`;

CREATE TABLE `餐桌` (
  `桌号` char(5) DEFAULT NULL,
  `状态` char(30) DEFAULT NULL
) ENGINE=InnoDB DEFAULT CHARSET=utf8mb4 COLLATE=utf8mb4_general_ci;

/*Data for the table `餐桌` */

insert  into `餐桌`(`桌号`,`状态`) values ('1','使用中'),('2','使用中'),('3','未使用'),('4','未使用'),('5','未使用'),('6','使用中'),('7','未使用'),('8','使用中'),('9','使用中'),('10','未使用'),('11','使用中'),('12','使用中'),('13','未使用'),('14','使用中'),('15','未使用'),('16','未使用'),('17','未使用'),('18','未使用'),('19','未使用'),('20','未使用');

/*Table structure for table `饮品` */

DROP TABLE IF EXISTS `饮品`;

CREATE TABLE `饮品` (
  `序号` char(10) DEFAULT NULL,
  `饮品名` char(100) DEFAULT NULL,
  `价格` int DEFAULT NULL,
  `状态` char(20) DEFAULT NULL
) ENGINE=InnoDB DEFAULT CHARSET=utf8mb4 COLLATE=utf8mb4_general_ci;

/*Data for the table `饮品` */

insert  into `饮品`(`序号`,`饮品名`,`价格`,`状态`) values ('20001','古井贡酒8年',225,'有'),('20002','古井贡酒16年',450,'有'),('20003','飞天茅台',2499,'有'),('20004','剑南春水晶剑',480,'有'),('20005','梦之蓝',760,'有'),('20006','雪花勇闯',5,'有'),('20007','加多宝',4,'有'),('20008','大雪碧',15,'有'),('20009','小雪碧',5,'有'),('20010','大可乐',15,'有'),('20011','小可乐',5,'有'),('20012','椰汁',15,'有'),('20013','脉动',5,'有'),('20014','大果粒橙',15,'有'),('20015','特种兵',15,'有');

/*!40101 SET SQL_MODE=@OLD_SQL_MODE */;
/*!40014 SET FOREIGN_KEY_CHECKS=@OLD_FOREIGN_KEY_CHECKS */;
/*!40014 SET UNIQUE_CHECKS=@OLD_UNIQUE_CHECKS */;
/*!40111 SET SQL_NOTES=@OLD_SQL_NOTES */;
